epoch,accuracy,f1,learning_rate,loss,val_accuracy,val_f1,val_loss
0,0.6957057118415833,0.884714663028717,9.999999747378752e-05,0.49293044209480286,1.0,0.7217559814453125,1.0432957410812378
1,0.7780361175537109,0.9254253506660461,9.999999747378752e-05,0.20154151320457458,0.9431818127632141,0.8975074291229248,0.23829516768455505
2,0.7608041763305664,0.9530602693557739,9.999999747378752e-05,0.13378317654132843,0.8693181872367859,0.9189503192901611,0.29978349804878235
3,0.8347921371459961,0.9717605710029602,9.999999747378752e-05,0.08478491008281708,0.8721590638160706,0.9017126560211182,0.327022910118103
4,0.8812910318374634,0.9778240323066711,9.999999747378752e-05,0.06717013567686081,0.9886363744735718,0.9137958288192749,0.5092906355857849
5,0.9526805281639099,0.989875316619873,4.999999873689376e-05,0.03346709907054901,0.9261363744735718,0.9233434200286865,0.38536328077316284
6,0.9872812032699585,0.995910108089447,4.999999873689376e-05,0.014217797666788101,1.0,0.9123945236206055,0.5614253282546997
